{
  "find flight" : {
    "transaction" : "find flight",
    "sampleCount" : 2582,
    "errorCount" : 0,
    "errorPct" : 0.0,
    "meanResTime" : 256.4786986831914,
    "medianResTime" : 228.0,
    "minResTime" : 105.0,
    "maxResTime" : 3286.0,
    "pct1ResTime" : 391.7000000000003,
    "pct2ResTime" : 450.5499999999997,
    "pct3ResTime" : 570.8700000000008,
    "throughput" : 4.315863724346353,
    "receivedKBytesPerSec" : 11.433230285888362,
    "sentKBytesPerSec" : 3.9201118601840674
  },
  "Payment Details" : {
    "transaction" : "Payment Details",
    "sampleCount" : 1290,
    "errorCount" : 0,
    "errorPct" : 0.0,
    "meanResTime" : 258.3558139534882,
    "medianResTime" : 229.0,
    "minResTime" : 109.0,
    "maxResTime" : 1080.0,
    "pct1ResTime" : 390.0,
    "pct2ResTime" : 462.45000000000005,
    "pct3ResTime" : 622.079999999999,
    "throughput" : 2.1694782993308253,
    "receivedKBytesPerSec" : 6.208116468715786,
    "sentKBytesPerSec" : 2.2768863293226014
  },
  "main" : {
    "transaction" : "main",
    "sampleCount" : 1299,
    "errorCount" : 0,
    "errorPct" : 0.0,
    "meanResTime" : 176.08698999230185,
    "medianResTime" : 151.0,
    "minResTime" : 68.0,
    "maxResTime" : 666.0,
    "pct1ResTime" : 285.0,
    "pct2ResTime" : 339.0,
    "pct3ResTime" : 459.0,
    "throughput" : 2.166849044517989,
    "receivedKBytesPerSec" : 2.1708645153239097,
    "sentKBytesPerSec" : 1.2268819001589688
  },
  "goto main" : {
    "transaction" : "goto main",
    "sampleCount" : 1299,
    "errorCount" : 0,
    "errorPct" : 0.0,
    "meanResTime" : 388.3464203233254,
    "medianResTime" : 358.0,
    "minResTime" : 143.0,
    "maxResTime" : 1178.0,
    "pct1ResTime" : 583.0,
    "pct2ResTime" : 653.0,
    "pct3ResTime" : 830.0,
    "throughput" : 2.1647799140420725,
    "receivedKBytesPerSec" : 5.87738098189184,
    "sentKBytesPerSec" : 2.1262926159798754
  },
  "goto login.pl" : {
    "transaction" : "goto login.pl",
    "sampleCount" : 1294,
    "errorCount" : 24,
    "errorPct" : 1.854714,
    "meanResTime" : 225.8632148377125,
    "medianResTime" : 200.0,
    "minResTime" : 79.0,
    "maxResTime" : 709.0,
    "pct1ResTime" : 341.0,
    "pct2ResTime" : 394.0,
    "pct3ResTime" : 531.1999999999998,
    "throughput" : 2.1630657361360695,
    "receivedKBytesPerSec" : 2.455114609887584,
    "sentKBytesPerSec" : 1.2689068442057754
  },
  "goto reservation.pl" : {
    "transaction" : "goto reservation.pl",
    "sampleCount" : 1294,
    "errorCount" : 0,
    "errorPct" : 0.0,
    "meanResTime" : 272.32148377125213,
    "medianResTime" : 247.0,
    "minResTime" : 111.0,
    "maxResTime" : 931.0,
    "pct1ResTime" : 411.5,
    "pct2ResTime" : 469.25,
    "pct3ResTime" : 574.7499999999993,
    "throughput" : 2.1619526408736025,
    "receivedKBytesPerSec" : 9.542281072534847,
    "sentKBytesPerSec" : 1.2872554123999846
  },
  "login" : {
    "transaction" : "login",
    "sampleCount" : 2596,
    "errorCount" : 24,
    "errorPct" : 0.9244992,
    "meanResTime" : 443.2580893682584,
    "medianResTime" : 403.0,
    "minResTime" : 74.0,
    "maxResTime" : 1566.0,
    "pct1ResTime" : 837.3000000000002,
    "pct2ResTime" : 955.1500000000001,
    "pct3ResTime" : 1225.0900000000006,
    "throughput" : 4.331409560135015,
    "receivedKBytesPerSec" : 9.994643679099449,
    "sentKBytesPerSec" : 5.211460129571047
  },
  "choise flight" : {
    "transaction" : "choise flight",
    "sampleCount" : 2580,
    "errorCount" : 0,
    "errorPct" : 0.0,
    "meanResTime" : 271.65658914728624,
    "medianResTime" : 244.0,
    "minResTime" : 108.0,
    "maxResTime" : 1526.0,
    "pct1ResTime" : 411.9000000000001,
    "pct2ResTime" : 473.0,
    "pct3ResTime" : 596.0,
    "throughput" : 4.339423663987325,
    "receivedKBytesPerSec" : 13.154249192455122,
    "sentKBytesPerSec" : 3.5292540280531965
  },
  "Buy ticket" : {
    "transaction" : "Buy ticket",
    "sampleCount" : 1290,
    "errorCount" : 0,
    "errorPct" : 0.0,
    "meanResTime" : 258.351937984496,
    "medianResTime" : 229.0,
    "minResTime" : 109.0,
    "maxResTime" : 1080.0,
    "pct1ResTime" : 390.0,
    "pct2ResTime" : 462.45000000000005,
    "pct3ResTime" : 622.079999999999,
    "throughput" : 2.1712310206637233,
    "receivedKBytesPerSec" : 6.2131320054810955,
    "sentKBytesPerSec" : 2.278725825593764
  },
  "Total" : {
    "transaction" : "Total",
    "sampleCount" : 15541,
    "errorCount" : 24,
    "errorPct" : 0.15443021,
    "meanResTime" : 211.52731484460463,
    "medianResTime" : 196.0,
    "minResTime" : 0.0,
    "maxResTime" : 3172.0,
    "pct1ResTime" : 351.0,
    "pct2ResTime" : 412.0,
    "pct3ResTime" : 541.0,
    "throughput" : 25.911513041622484,
    "receivedKBytesPerSec" : 47.36800960927652,
    "sentKBytesPerSec" : 15.825157440035545
  },
  "goto nav.pl_home" : {
    "transaction" : "goto nav.pl_home",
    "sampleCount" : 1299,
    "errorCount" : 0,
    "errorPct" : 0.0,
    "meanResTime" : 212.25943033102405,
    "medianResTime" : 191.0,
    "minResTime" : 71.0,
    "maxResTime" : 880.0,
    "pct1ResTime" : 317.0,
    "pct2ResTime" : 362.0,
    "pct3ResTime" : 479.0,
    "throughput" : 2.166957484928052,
    "receivedKBytesPerSec" : 3.7123199336942707,
    "sentKBytesPerSec" : 0.9014881724407715
  },
  "JSR223 Sampler" : {
    "transaction" : "JSR223 Sampler",
    "sampleCount" : 1291,
    "errorCount" : 0,
    "errorPct" : 0.0,
    "meanResTime" : 3.261812548412093,
    "medianResTime" : 1.0,
    "minResTime" : 0.0,
    "maxResTime" : 3172.0,
    "pct1ResTime" : 1.0,
    "pct2ResTime" : 2.0,
    "pct3ResTime" : 4.0,
    "throughput" : 2.1592889566837603,
    "receivedKBytesPerSec" : 0.0,
    "sentKBytesPerSec" : 0.0
  },
  "goto flights" : {
    "transaction" : "goto flights",
    "sampleCount" : 2588,
    "errorCount" : 0,
    "errorPct" : 0.0,
    "meanResTime" : 447.9350850077276,
    "medianResTime" : 412.5,
    "minResTime" : 70.0,
    "maxResTime" : 1545.0,
    "pct1ResTime" : 873.0999999999999,
    "pct2ResTime" : 1006.0,
    "pct3ResTime" : 1236.1100000000001,
    "throughput" : 4.321464889767579,
    "receivedKBytesPerSec" : 16.784351108690352,
    "sentKBytesPerSec" : 5.118684392172939
  },
  "goto nav.pl_menu" : {
    "transaction" : "goto nav.pl_menu",
    "sampleCount" : 2591,
    "errorCount" : 0,
    "errorPct" : 0.0,
    "meanResTime" : 217.95214203010437,
    "medianResTime" : 192.0,
    "minResTime" : 74.0,
    "maxResTime" : 970.0,
    "pct1ResTime" : 336.8000000000002,
    "pct2ResTime" : 387.4000000000001,
    "pct3ResTime" : 520.0799999999999,
    "throughput" : 4.324084365539501,
    "receivedKBytesPerSec" : 7.385335191116686,
    "sentKBytesPerSec" : 2.5640237583694647
  }
}