{
  "goto_Main" : {
    "transaction" : "goto_Main",
    "sampleCount" : 1693,
    "errorCount" : 0,
    "errorPct" : 0.0,
    "meanResTime" : 9.742468989958661,
    "medianResTime" : 5.0,
    "minResTime" : 2.0,
    "maxResTime" : 3968.0,
    "pct1ResTime" : 9.0,
    "pct2ResTime" : 22.0,
    "pct3ResTime" : 73.05999999999995,
    "throughput" : 5.637038640185127,
    "receivedKBytesPerSec" : 124.70296515245477,
    "sentKBytesPerSec" : 0.6385707834584714
  },
  "Total" : {
    "transaction" : "Total",
    "sampleCount" : 8443,
    "errorCount" : 154,
    "errorPct" : 1.8239962,
    "meanResTime" : 10.91022148525407,
    "medianResTime" : 4.0,
    "minResTime" : 1.0,
    "maxResTime" : 13271.0,
    "pct1ResTime" : 7.0,
    "pct2ResTime" : 15.0,
    "pct3ResTime" : 52.0,
    "throughput" : 28.107262346655126,
    "receivedKBytesPerSec" : 207.36684145971003,
    "sentKBytesPerSec" : 4.811468511243904
  },
  "goto_service/guestbook" : {
    "transaction" : "goto_service/guestbook",
    "sampleCount" : 1693,
    "errorCount" : 77,
    "errorPct" : 4.5481396,
    "meanResTime" : 7.834022445363257,
    "medianResTime" : 4.0,
    "minResTime" : 1.0,
    "maxResTime" : 1902.0,
    "pct1ResTime" : 7.0,
    "pct2ResTime" : 15.0,
    "pct3ResTime" : 44.059999999999945,
    "throughput" : 5.720966853535814,
    "receivedKBytesPerSec" : 25.314078450827736,
    "sentKBytesPerSec" : 0.7430552651565072
  },
  "Request_to_Base_TRUNCATE" : {
    "transaction" : "Request_to_Base_TRUNCATE",
    "sampleCount" : 14,
    "errorCount" : 0,
    "errorPct" : 0.0,
    "meanResTime" : 274.2142857142857,
    "medianResTime" : 7.0,
    "minResTime" : 1.0,
    "maxResTime" : 3474.0,
    "pct1ResTime" : 1845.0,
    "pct2ResTime" : 3474.0,
    "pct3ResTime" : 3474.0,
    "throughput" : 0.04900570916511774,
    "receivedKBytesPerSec" : 4.307142407090426E-4,
    "sentKBytesPerSec" : 0.0
  },
  "goto_clients" : {
    "transaction" : "goto_clients",
    "sampleCount" : 1675,
    "errorCount" : 0,
    "errorPct" : 0.0,
    "meanResTime" : 5.600597014925389,
    "medianResTime" : 4.0,
    "minResTime" : 2.0,
    "maxResTime" : 400.0,
    "pct1ResTime" : 6.0,
    "pct2ResTime" : 11.0,
    "pct3ResTime" : 39.0,
    "throughput" : 5.652520180340703,
    "receivedKBytesPerSec" : 33.8654407288967,
    "sentKBytesPerSec" : 0.706565022542588
  },
  "goto_guestbook" : {
    "transaction" : "goto_guestbook",
    "sampleCount" : 1693,
    "errorCount" : 0,
    "errorPct" : 0.0,
    "meanResTime" : 7.807442409923216,
    "medianResTime" : 4.0,
    "minResTime" : 1.0,
    "maxResTime" : 4228.0,
    "pct1ResTime" : 6.0,
    "pct2ResTime" : 12.299999999999955,
    "pct3ResTime" : 40.179999999999836,
    "throughput" : 5.636250445273772,
    "receivedKBytesPerSec" : 22.633068194302492,
    "sentKBytesPerSec" : 0.7155396073101469
  },
  "POST Request to Base" : {
    "transaction" : "POST Request to Base",
    "sampleCount" : 1675,
    "errorCount" : 77,
    "errorPct" : 4.597015,
    "meanResTime" : 21.444776119402974,
    "medianResTime" : 4.0,
    "minResTime" : 2.0,
    "maxResTime" : 13271.0,
    "pct1ResTime" : 9.0,
    "pct2ResTime" : 15.0,
    "pct3ResTime" : 57.16000000000008,
    "throughput" : 5.6684738099589165,
    "receivedKBytesPerSec" : 1.733365884755697,
    "sentKBytesPerSec" : 2.0620031889395385
  }
}