{
  "goto_Main" : {
    "transaction" : "goto_Main",
    "sampleCount" : 3559,
    "errorCount" : 0,
    "errorPct" : 0.0,
    "meanResTime" : 5.627704411351493,
    "medianResTime" : 5.0,
    "minResTime" : 3.0,
    "maxResTime" : 210.0,
    "pct1ResTime" : 6.0,
    "pct2ResTime" : 7.0,
    "pct3ResTime" : 21.0,
    "throughput" : 4.74996296390215,
    "receivedKBytesPerSec" : 105.07901466921426,
    "sentKBytesPerSec" : 0.5450377405344409
  },
  "Debug Sampler" : {
    "transaction" : "Debug Sampler",
    "sampleCount" : 2,
    "errorCount" : 0,
    "errorPct" : 0.0,
    "meanResTime" : 7.5,
    "medianResTime" : 7.5,
    "minResTime" : 4.0,
    "maxResTime" : 11.0,
    "pct1ResTime" : 11.0,
    "pct2ResTime" : 11.0,
    "pct3ResTime" : 11.0,
    "throughput" : 0.0422225975342003,
    "receivedKBytesPerSec" : 0.5652632710901875,
    "sentKBytesPerSec" : 0.0
  },
  "Total" : {
    "transaction" : "Total",
    "sampleCount" : 17755,
    "errorCount" : 338,
    "errorPct" : 1.9036891,
    "meanResTime" : 6.108194874683199,
    "medianResTime" : 4.0,
    "minResTime" : 1.0,
    "maxResTime" : 2230.0,
    "pct1ResTime" : 6.0,
    "pct2ResTime" : 7.0,
    "pct3ResTime" : 27.43999999999869,
    "throughput" : 23.660745816558926,
    "receivedKBytesPerSec" : 174.92672153622607,
    "sentKBytesPerSec" : 4.080057274113505
  },
  "goto_service/guestbook" : {
    "transaction" : "goto_service/guestbook",
    "sampleCount" : 3559,
    "errorCount" : 169,
    "errorPct" : 4.7485247,
    "meanResTime" : 5.9241359932565425,
    "medianResTime" : 4.0,
    "minResTime" : 2.0,
    "maxResTime" : 2230.0,
    "pct1ResTime" : 6.0,
    "pct2ResTime" : 7.0,
    "pct3ResTime" : 32.0,
    "throughput" : 4.743827958594473,
    "receivedKBytesPerSec" : 21.358379826218478,
    "sentKBytesPerSec" : 0.6230887315092011
  },
  "Request_to_Base_TRUNCATE" : {
    "transaction" : "Request_to_Base_TRUNCATE",
    "sampleCount" : 30,
    "errorCount" : 0,
    "errorPct" : 0.0,
    "meanResTime" : 46.36666666666666,
    "medianResTime" : 5.5,
    "minResTime" : 1.0,
    "maxResTime" : 544.0,
    "pct1ResTime" : 161.40000000000026,
    "pct2ResTime" : 469.7499999999999,
    "pct3ResTime" : 544.0,
    "throughput" : 0.04100976989418112,
    "receivedKBytesPerSec" : 3.6043743071057627E-4,
    "sentKBytesPerSec" : 0.0
  },
  "goto_clients" : {
    "transaction" : "goto_clients",
    "sampleCount" : 3523,
    "errorCount" : 0,
    "errorPct" : 0.0,
    "meanResTime" : 4.510928186204944,
    "medianResTime" : 4.0,
    "minResTime" : 2.0,
    "maxResTime" : 283.0,
    "pct1ResTime" : 5.0,
    "pct2ResTime" : 6.0,
    "pct3ResTime" : 17.0,
    "throughput" : 4.7027446248149545,
    "receivedKBytesPerSec" : 28.175135032460688,
    "sentKBytesPerSec" : 0.5947259980484211
  },
  "goto_guestbook" : {
    "transaction" : "goto_guestbook",
    "sampleCount" : 3559,
    "errorCount" : 0,
    "errorPct" : 0.0,
    "meanResTime" : 4.359089631919077,
    "medianResTime" : 4.0,
    "minResTime" : 2.0,
    "maxResTime" : 191.0,
    "pct1ResTime" : 5.0,
    "pct2ResTime" : 5.0,
    "pct3ResTime" : 13.400000000000091,
    "throughput" : 4.749798143588307,
    "receivedKBytesPerSec" : 19.073408170346795,
    "sentKBytesPerSec" : 0.6099574746094663
  },
  "POST Request to Base" : {
    "transaction" : "POST Request to Base",
    "sampleCount" : 3523,
    "errorCount" : 169,
    "errorPct" : 4.797048,
    "meanResTime" : 9.80017030939539,
    "medianResTime" : 4.0,
    "minResTime" : 2.0,
    "maxResTime" : 1413.0,
    "pct1ResTime" : 6.0,
    "pct2ResTime" : 19.0,
    "pct3ResTime" : 60.039999999999054,
    "throughput" : 4.695955852949801,
    "receivedKBytesPerSec" : 1.4433578650262588,
    "sentKBytesPerSec" : 1.7105073657560448
  }
}