{
  "goto_Main" : {
    "transaction" : "goto_Main",
    "sampleCount" : 1775,
    "errorCount" : 0,
    "errorPct" : 0.0,
    "meanResTime" : 5.722253521126759,
    "medianResTime" : 5.0,
    "minResTime" : 3.0,
    "maxResTime" : 197.0,
    "pct1ResTime" : 6.0,
    "pct2ResTime" : 7.0,
    "pct3ResTime" : 19.480000000000018,
    "throughput" : 5.917455660754767,
    "receivedKBytesPerSec" : 130.90637019831811,
    "sentKBytesPerSec" : 0.6876730699509935
  },
  "Total" : {
    "transaction" : "Total",
    "sampleCount" : 8854,
    "errorCount" : 171,
    "errorPct" : 1.9313304,
    "meanResTime" : 6.231646713349861,
    "medianResTime" : 4.0,
    "minResTime" : 1.0,
    "maxResTime" : 1154.0,
    "pct1ResTime" : 6.0,
    "pct2ResTime" : 9.0,
    "pct3ResTime" : 27.0,
    "throughput" : 29.515399411292123,
    "receivedKBytesPerSec" : 217.43645102032144,
    "sentKBytesPerSec" : 5.137475508702276
  },
  "goto_service/guestbook" : {
    "transaction" : "goto_service/guestbook",
    "sampleCount" : 1775,
    "errorCount" : 86,
    "errorPct" : 4.8450704,
    "meanResTime" : 5.78478873239437,
    "medianResTime" : 4.0,
    "minResTime" : 2.0,
    "maxResTime" : 459.0,
    "pct1ResTime" : 6.0,
    "pct2ResTime" : 9.199999999999818,
    "pct3ResTime" : 32.200000000000045,
    "throughput" : 5.920258290029285,
    "receivedKBytesPerSec" : 25.897182311435607,
    "sentKBytesPerSec" : 0.7862843041445143
  },
  "Request_to_Base_TRUNCATE" : {
    "transaction" : "Request_to_Base_TRUNCATE",
    "sampleCount" : 15,
    "errorCount" : 0,
    "errorPct" : 0.0,
    "meanResTime" : 49.13333333333333,
    "medianResTime" : 3.0,
    "minResTime" : 1.0,
    "maxResTime" : 641.0,
    "pct1ResTime" : 275.0000000000002,
    "pct2ResTime" : 641.0,
    "pct3ResTime" : 641.0,
    "throughput" : 0.05321979776476849,
    "receivedKBytesPerSec" : 4.6775212879191056E-4,
    "sentKBytesPerSec" : 0.0
  },
  "goto_clients" : {
    "transaction" : "goto_clients",
    "sampleCount" : 1757,
    "errorCount" : 0,
    "errorPct" : 0.0,
    "meanResTime" : 4.56118383608424,
    "medianResTime" : 4.0,
    "minResTime" : 2.0,
    "maxResTime" : 122.0,
    "pct1ResTime" : 5.0,
    "pct2ResTime" : 6.0,
    "pct3ResTime" : 15.260000000000218,
    "throughput" : 5.860339145864742,
    "receivedKBytesPerSec" : 35.11052798816425,
    "sentKBytesPerSec" : 0.7497113555744933
  },
  "goto_guestbook" : {
    "transaction" : "goto_guestbook",
    "sampleCount" : 1775,
    "errorCount" : 0,
    "errorPct" : 0.0,
    "meanResTime" : 4.596056338028168,
    "medianResTime" : 4.0,
    "minResTime" : 2.0,
    "maxResTime" : 158.0,
    "pct1ResTime" : 5.0,
    "pct2ResTime" : 6.0,
    "pct3ResTime" : 20.0,
    "throughput" : 5.917278118738936,
    "receivedKBytesPerSec" : 23.761569945561043,
    "sentKBytesPerSec" : 0.768552724406522
  },
  "POST Request to Base" : {
    "transaction" : "POST Request to Base",
    "sampleCount" : 1757,
    "errorCount" : 85,
    "errorPct" : 4.837792,
    "meanResTime" : 10.15424018212861,
    "medianResTime" : 4.0,
    "minResTime" : 2.0,
    "maxResTime" : 1154.0,
    "pct1ResTime" : 10.0,
    "pct2ResTime" : 13.0,
    "pct3ResTime" : 53.42000000000007,
    "throughput" : 5.860749655593397,
    "receivedKBytesPerSec" : 1.8040204728043872,
    "sentKBytesPerSec" : 2.147508467357259
  }
}