{
  "goto_Main" : {
    "transaction" : "goto_Main",
    "sampleCount" : 1777,
    "errorCount" : 0,
    "errorPct" : 0.0,
    "meanResTime" : 5.56781091727631,
    "medianResTime" : 5.0,
    "minResTime" : 3.0,
    "maxResTime" : 200.0,
    "pct1ResTime" : 6.0,
    "pct2ResTime" : 7.0,
    "pct3ResTime" : 19.440000000000055,
    "throughput" : 5.937127258998406,
    "receivedKBytesPerSec" : 131.34154667782315,
    "sentKBytesPerSec" : 0.6899591248250101
  },
  "Total" : {
    "transaction" : "Total",
    "sampleCount" : 8865,
    "errorCount" : 172,
    "errorPct" : 1.9402143,
    "meanResTime" : 6.099266779469816,
    "medianResTime" : 4.0,
    "minResTime" : 1.0,
    "maxResTime" : 1413.0,
    "pct1ResTime" : 6.0,
    "pct2ResTime" : 7.0,
    "pct3ResTime" : 23.0,
    "throughput" : 29.508687837028162,
    "receivedKBytesPerSec" : 217.88463598878235,
    "sentKBytesPerSec" : 5.140059775689035
  },
  "goto_service/guestbook" : {
    "transaction" : "goto_service/guestbook",
    "sampleCount" : 1777,
    "errorCount" : 86,
    "errorPct" : 4.8396173,
    "meanResTime" : 5.137310073157003,
    "medianResTime" : 4.0,
    "minResTime" : 2.0,
    "maxResTime" : 186.0,
    "pct1ResTime" : 6.0,
    "pct2ResTime" : 7.0,
    "pct3ResTime" : 25.88000000000011,
    "throughput" : 5.916962736786727,
    "receivedKBytesPerSec" : 26.382776184932556,
    "sentKBytesPerSec" : 0.7858466134794871
  },
  "Request_to_Base_TRUNCATE" : {
    "transaction" : "Request_to_Base_TRUNCATE",
    "sampleCount" : 14,
    "errorCount" : 0,
    "errorPct" : 0.0,
    "meanResTime" : 57.99999999999999,
    "medianResTime" : 4.0,
    "minResTime" : 1.0,
    "maxResTime" : 544.0,
    "pct1ResTime" : 358.5,
    "pct2ResTime" : 544.0,
    "pct3ResTime" : 544.0,
    "throughput" : 0.05353626125695494,
    "receivedKBytesPerSec" : 4.705335462037055E-4,
    "sentKBytesPerSec" : 0.0
  },
  "goto_clients" : {
    "transaction" : "goto_clients",
    "sampleCount" : 1760,
    "errorCount" : 0,
    "errorPct" : 0.0,
    "meanResTime" : 4.600000000000001,
    "medianResTime" : 4.0,
    "minResTime" : 2.0,
    "maxResTime" : 283.0,
    "pct1ResTime" : 5.0,
    "pct2ResTime" : 6.0,
    "pct3ResTime" : 11.0,
    "throughput" : 5.881841818558548,
    "receivedKBytesPerSec" : 35.23935503599286,
    "sentKBytesPerSec" : 0.7524621857726267
  },
  "goto_guestbook" : {
    "transaction" : "goto_guestbook",
    "sampleCount" : 1777,
    "errorCount" : 0,
    "errorPct" : 0.0,
    "meanResTime" : 4.458075407990992,
    "medianResTime" : 4.0,
    "minResTime" : 2.0,
    "maxResTime" : 191.0,
    "pct1ResTime" : 5.0,
    "pct2ResTime" : 5.0,
    "pct3ResTime" : 12.0,
    "throughput" : 5.936869395555199,
    "receivedKBytesPerSec" : 23.840241166526347,
    "sentKBytesPerSec" : 0.7710972945398843
  },
  "POST Request to Base" : {
    "transaction" : "POST Request to Base",
    "sampleCount" : 1760,
    "errorCount" : 86,
    "errorPct" : 4.8863635,
    "meanResTime" : 10.350568181818181,
    "medianResTime" : 4.0,
    "minResTime" : 2.0,
    "maxResTime" : 1413.0,
    "pct1ResTime" : 7.0,
    "pct2ResTime" : 12.0,
    "pct3ResTime" : 63.23999999999796,
    "throughput" : 5.861215736032157,
    "receivedKBytesPerSec" : 1.805683995134525,
    "sentKBytesPerSec" : 2.1503471823287676
  }
}